Id,NAME,ADDRESS,CITY,STATE,ZIP,LAT,LON,PHONE,REVENUE,UTILIZATION
9d1056bc-3730-31fd-876a-8e23df133e3a,MARY  QUEEN AND MOTHER CENTER,7601 WATSON ROAD,SAINT LOUIS,MO,631195001,38.577671,-90.328759,3149618000,0.0,227
611047a3-d5a3-3697-bda4-7cbe0d6770e7,LIBERTY HOSPITAL,2525 GLENN HENDREN DR,LIBERTY,MO,640689625,39.2749812,-94.4240001276834,8167817200,0.0,630
5974b63a-241c-3786-9498-b269a7661dd9,HERMANN AREA HOSPITAL DISTRICT,509 WEST 18TH STREET,HERMANN,MO,650410470,38.693076000000005,-91.44945885654896,5734862191,0.0,4
305f6609-a15d-3744-b5c1-43002c0a4f96,GLADSTONE URGENT CARE  LLC,7642 N OAK TRFY,GLADSTONE,MO,641181751,39.2214765,-94.5719748,8164681411,0.0,4
de8edbf2-7b8b-3644-8189-4cc7bdc28544,CARROLL COUNTY MEMORIAL HOSPITAL,1502 N JEFFERSON ST,CARROLLTON,MO,646331948,39.3765782,-93.49250001014481,6605421695,0.0,2130
a1e43bbf-b11a-3c4a-af65-0d0b1b4706f5,KINDRED HOSPITALS EAST LLC,4930 LINDELL BLVD,SAINT LOUIS,MO,631282106,38.64306095,-90.26315278582777,3143618700,0.0,13
99d1aa56-a495-3e6d-a36c-6191abdcad6c,MERCY HOSPICE SOUTH-DE GREEFF HOSPICE HOUSE,10024 KENNERLY ROAD,SAINT LOUIS,MO,631282106,38.5074325,-90.3855916,3145257390,0.0,3
3baf4bd2-f26d-3267-ba6a-37ec37506401,SAMUEL U RODGERS HEALTH CENTER,825 EUCLID AVENUE,KANSAS CITY,MO,641242323,39.1028101,-94.5580557,8164744920,0.0,39
97ee3201-4449-3c7b-83bb-51308dc7f2fb,CHAPMAN MEDICAL CLINIC LLC,101 N ELM ST STE E,PIERCE CITY,MO,657231233,36.945351,-94.001732,4174769005,0.0,105
76fb7d62-5c16-350d-bbb2-a6cc11849707,LEBANON INTERNAL MEDICINE/PEDS,120 HOSPITAL DRIVE  SUITE 300,LEBANON,MO,655369253,37.680617,-92.632822,4175336746,0.0,7
cec67b25-093a-3b23-b447-ffb97aa45717,BISHOP SPENCER PLACE  INC  THE,4301 MADISON AVENUE,KANSAS CITY,MO,641113491,39.04873055,-94.59603842839908,8169314277,0.0,3
a21401d0-19aa-31a0-95da-93f44594f00f,SEDALIA URGENT CARE LLC,115 W BROADWAY BLVD STE 100,SEDALIA,MO,653015708,38.704113285714286,-93.22865914285714,6609511091,0.0,90
4b07d9a6-e853-3b48-a85f-b622df6fd7e1,DIAMOND MEDICAL CARE  LLC,1101 NW PAMELA BLVD,GRAIN VALLEY,MO,640297803,39.02381,-94.213681,8162951606,0.0,73
52bfc2e6-ad5f-3837-9fff-52e832f4984e,BETHESDA MEADOW,322  OLD STATE ROAD,ELLISVILLE,MO,630215917,38.5820112,-90.594064,6362273431,0.0,13
89875e4a-a928-39db-ac72-111faff13525,Gene Taylor CBOC,600 N Main,Mt Vernon,MO,65712,37.108696,-93.818886,417-466-4000 Or 417-466-4000,0.0,653
52bda4a8-fed5-30c9-a524-c0e0f73f2d57,PRIMARY CARE CENTER OF KANSAS CITY LLC,4741 S ARROWHEAD,INDEPENDENCE,MO,640557021,39.0924792,-94.4137923,8167956000,0.0,45
2f5c3413-78c1-3a55-b308-c1ba577815e6,LUTHERAN SENIOR SERVICES AT BREEZE PARK,600 BREEZE PARK DRIVE,WELDON SPRING,MO,633049139,38.7227526,-90.6552177,6369395223,0.0,12
bb4e936f-42d3-3813-98eb-e445f890dd98,BOLIVAR MEDICAL CENTER INC,714 N POMME DE TERRE AVE,BOLIVAR,MO,656131241,37.621373,-93.393067,4173264000,0.0,37
5a0cfb08-a9b7-36fe-a721-34894a92af60,MERCY HOSPITAL SOUTH,10010 KENNERLY RD,SAINT LOUIS,MO,631283206,38.50613535,-90.38330256066584,3145251000,0.0,110
21e3e88e-0765-315e-b46e-4660e2f522d3,NORTH KANSAS CITY HOSPITAL HOME HEALTH SERVICES,2750 CLAY EDWARDS DRIVE  SUITE 405,NORTH KANSAS CITY,MO,641163237,39.149989182631664,-94.54998386575696,8166911358,0.0,14
15214bb9-7e57-3e4f-a0b2-a0549d3fa60b,URGENT CARE BILLING,1301 S BELT HWY,RAYMORE,MO,640839298,38.810131,-94.4676501,8162794100,0.0,13
6d3cddfb-4ffd-36d3-8951-da4f599ceb72,HARRISON COUNTY COMMUNITY HOSPITAL DISTRICT,2600 MILLER ST,BETHANY,MO,644242701,40.264392400000006,-94.02533600604039,6604252211,0.0,5
c556b156-8632-33b6-ba39-1326a7c9cb1a,INSPIRE HOME HEALTH LLC,305 WEST MAPLE,PILOT KNOB,MO,636630507,37.6211611,-90.6404007,5735460701,0.0,60
cb716dd8-f575-3fae-b7f4-c06b1533e007,SCOTLAND COUNTY MEMORIAL HOSPITAL,450 E SIGLER AVE,MEMPHIS,MO,635551726,40.4657654,-92.1651311,6604658511,0.0,10
2bd84794-579d-3064-a5d4-2dfcf5a51a63,CAPE GIRARDEAU BEHAVIORAL HEALTH LLC,639 S SILVER SPRINGS RD,CAPE GIRARDEAU,MO,637037539,37.28769303716486,-89.56510548286914,6016305669,0.0,25
6b8b737a-c07a-3acc-b73b-9ba98070727d,PRIMARY HEALTH CARE ASSOCIATES LLC,5960 HOWDERSHELL RD STE 204,HAZELWOOD,MO,630424103,38.782510477508204,-90.38269903278976,3148951136,0.0,85
4dda855b-9cd4-3952-b9c4-8f352238bbbb,HERMANN MEDICAL ARTS,509A W 18TH ST,HERMANN,MO,650411547,38.6923103,-91.452115,5734865711,0.0,45
da53031c-bd32-3a74-98fb-6dc7603464ae,DOC IN A BOX URGENT CARE LLC,1000 WEBSTER STREET,MEXICO,MO,652652294,39.1697626,-91.8829484,5735812347,0.0,45
9dd123f4-6100-3d4f-9602-a1da8505e601,HINES FAMILY CARE CENTER INC,13300 NEW HALLS FERRY RD,FLORISSANT,MO,630333251,38.7971513,-90.2906006,3148301900,0.0,36
745e2ce1-6073-378f-b605-e54029ed80e8,SIGNATURE PSYCHIATRIC HOSPITAL,2900 CLAY EDWARDS DRIVE,NORTH KANSAS CITY,MO,641163258,39.14894175081523,-94.55003040659524,8166915101,0.0,117
14f88fb6-ac44-3475-9d6c-c40ae8a84051,LESTER E COX MEDICAL CENTERS,2702 E SUNSHINE ST,SPRINGFIELD,MO,658042047,37.18073176470588,-93.24193929411764,4172691922,0.0,29
88b1e2d3-5c0b-3f8d-bbec-78d2979bc867,URGENT CARE OF CASS COUNTY  LLC,2019 W FOXWOOD DR,RAYMORE,MO,640839380,38.81272026315789,-94.4932862631579,8167956000,0.0,25
f27d3a55-591a-3554-b7f1-e4fd3d067b57,NORTH HARRISON MEDICAL CLINIC,16027 LOCUST STREET,EAGLEVILLE,MO,644427130,40.467447,-93.983209,6608675111,0.0,42
d8470325-88f7-3bd4-a6a3-e880ad4811f8,LESTER E COX MEDICAL CENTERS,3805 S KANSAS EXPY STE B,SPRINGFIELD,MO,658076989,37.14498295,-93.32018788321479,4172690269,0.0,37
ebe1a896-c7d1-3408-a33b-2a67221622ba,MERCY ST FRANCIS HOSPITAL,100 WEST HIGHWAY 60,MOUNTAIN VIEW,MO,655488542,36.9953322,-91.703755,4179347000,0.0,32
9d5f71c6-1f0e-369e-80ad-7b7a689b4abd,MOSIAC LIFE CARE AT ST JOSEPH,5325 FARAON STREET,SAINT JOSEPH,MO,645063488,39.7702143968254,-94.77175903174603,8162716480,0.0,913
a285a196-0c2c-3f95-aeb7-d3f7c011d631,PREFERRED FAMILY HEALTHCARE INC,4066 DUNNICA AVE,SAINT LOUIS,MO,631163510,38.58849812563025,-90.25641336574667,6362241700,0.0,34
4ca7dffa-f2f9-3a4c-937c-86edbd3d00a2,CODE 1 WELLNESS,5722 N BROADWAY ST STE F,KANSAS CITY,MO,641183997,39.2552123,-94.5849573,8163722948,0.0,37
ec514a2f-3a06-36f3-89f9-e59f2952897f,CATHOLIC COMMUNITY HOSPICE,3210 MICHIGAN AVENUE  STE 160,KANSAS CITY,MO,641093102,39.06804905,-94.56145087222288,8165235634,0.0,14
5f063a4d-c77c-3b50-84e6-993438eb293b,KNOX COUNTY NURSING HOME DISTRICT,55774 STATE HIGHWAY 6,EDINA,MO,635374253,40.1675386,-92.1726821,6603972282,0.0,8
b3c94209-a412-3131-a936-8e167b10dcb2,DELMAR GARDENS OF O'FALLON,7068 SOUTH OUTER 364,O FALLON,MO,633687757,38.7591466,-90.7166218,6362406100,0.0,8
151449da-e649-30aa-80a1-0477219b91c9,SAMUEL U RODGERS HEALTH CENTER INC,4531 NE 44TH TER,KANSAS CITY,MO,641171881,39.1739899,-94.52612053433528,8163215223,0.0,53
2b954a77-4e95-3840-8d88-5bceb2b052fe,APOLLO MEDICAL,10511 OLD OLIVE STREET RD,SAINT LOUIS,MO,631415925,38.674371848484846,-90.41287293939394,3146920611,0.0,3
3961f347-b081-34f0-8e9b-7b77fd45e1b7,VETERANS ADVANTAGE URGENT CARE INC,1901 WASHINGTON AVE,SAINT LOUIS,MO,631031623,38.633883,-90.206471,3146962090,0.0,12
c56701d6-a86f-32b8-9787-5375e0e129fa,NURSING & REHAB AT INDEPENDENCE  LLC,1800 S SWOPE DR,INDEPENDENCE,MO,640571084,39.085247,-94.368997,8162572566,0.0,3
dc045082-8fa0-31a9-b775-489f22bb3107,JACKSON PRIMARY CARE LLC,2685 E MAIN ST SUITE A,JACKSON,MO,637552474,37.38010238698316,-89.63627097943771,5732041400,0.0,6
aacb20a9-f9c5-3050-8380-9a0189449dea,CITIZENS MEMORIAL HOSPITAL DISTRICT,1500 N OAKLAND AVE,BOLIVAR,MO,656133011,37.626443949999995,-93.42008543862639,4173266000,0.0,99
ccf96787-4da1-3202-8326-c9ecbd5d6244,AW HEALTH CARE,7212 BALSON AVE,SAINT LOUIS,MO,631303001,38.66350769981462,-90.32228912291453,3147265600,0.0,16
65d530cc-55ef-34e3-8276-265e85796f24,DAVIESS COUNTY NURSING AND REHABILITATION,1337 WEST GRAND,GALLATIN,MO,646408320,39.914318,-93.983452,6606632197,0.0,3
2fa063ec-1bc9-327e-a414-61b24e8db436,MOUNT CARMEL COMMUNITIES O'FALLON LLC,206 N MAIN ST,O FALLON,MO,633662290,38.8123862,-90.699023,6362405754,0.0,3
06f1b29c-1239-31ee-a974-2d20e056fc4b,HERMANN AREA HOSPITAL DISTRICT,509 WEST 18TH ST,HERMANN,MO,650411547,38.693076000000005,-91.44945885654896,5734862191,0.0,34
8e79db54-4e47-3a11-a6dc-25552dcc05a7,MERCY HOSPITAL JEFFERSON,1400 HIGHWAY 61,IMPERIAL,MO,63052,38.3697763,-90.3784525,6369331000,0.0,160
d0ae3357-decf-3dc4-8fa0-ab2e9b43d216,MOSAIC LIFE CARE HOSPICE,5506 CORPORATE DRIVE,SAINT JOSEPH,MO,645077764,39.75504639475637,-94.76483406954827,8162717190,0.0,11
7e9e0faf-9f1c-3fc8-b347-ad57e95c1fa5,SELECT SPECIALTY HOSPITAL-ST LOUIS,300 FIRST CAPITOL DRIVE,ST CHARLES,MO,633012844,38.7809305,-90.48486186940953,3147683400,0.0,57
d7b25f9e-40f2-31dd-87af-91a8299013d3,COX HEALTH CENTER MARSHFIELD,1245 BANNING STREET,MARSHFIELD,MO,657061001,37.34506077867627,-92.9270527144476,4178592339,0.0,35
3f2973f0-b3ab-3f73-a76e-756be35765f5,IRON COUNTY MEDICAL CENTER,301 NORTH HIGHWAY 21,PILOT KNOB,MO,636630548,37.6211611,-90.6404007,5735461260,0.0,327
e0e48095-9081-3f12-b9e2-528a4bf64474,FAMILY MEDICINE - SLMG SOUTH  LLC,1501 PROFESSIONAL DR,IMPERIAL,MO,630523809,38.3697763,-90.3784525,6364644000,0.0,47
a37914f1-fc66-3735-8d2e-9ac9ff8f0d34,CARROLL CO MEM HOSPITAL HOME HEALTH CARE AGENCY,1502 N JEFFERSON STREET,CARROLLTON,MO,646331948,39.3765782,-93.49250001014481,6605423301,0.0,4
83314715-b5c3-3149-81df-3d885fcc0548,BENTON COUNTY HOSPICE,P O BOX 935,WARSAW,MO,653553157,38.2442186,-93.3774013,6604382876,0.0,30
a5c780c8-dd71-3772-b505-0ef24c9cfe81,SAINT LUKES NORTH HOSPITAL,5830 N W BARRY ROAD,SMITHVILLE,MO,640899317,39.3868396,-94.5815937,8168916000,0.0,259
4da179df-6550-3208-b486-070a611e4660,FREUDENTHAL PRIMARY CARE FOR SENIORS  LLC,2425 N. WOODBINE ROAD,SAINT JOSEPH,MO,645063673,39.7897659341293,-94.79663311654645,8163878881,0.0,103
f9277a66-3e08-3e1a-8e1b-32293f4ae6f4,KANSAS CARENOW URGENT CARE LLC,3500 W 95TH ST,RAYTOWN,MO,641336509,39.0168425,-94.4630468,9132037964,0.0,86
076fa589-0e3a-3f19-95a9-4aa5dbdd9cdb,HOPE FAMILY CARE CENTER LLC,3027 PROSPECT AVE,KANSAS CITY,MO,641281530,39.0706092,-94.5524151,8169316290,0.0,63
9f4b783f-f81b-3928-ba14-b62840d13b1e,WEBSTER FAMILY PHYSICIANS  P.C.,7979 BIG BEND BLVD,WEBSTER GROVES,MO,631192703,38.59340519248537,-90.33613985433165,3149616631,0.0,10
c651636f-27d0-377e-adc1-e9078e5f5888,U CITY URGENT CARE LLC,8612 OLIVE BLVD,SAINT LOUIS,MO,631322504,38.6740108936546,-90.35758696997571,3146001335,0.0,71
78d25aa8-0271-387a-9f4e-d02467d2f486,STATE OF MISSOURI,1901 PENNSYLVANIA AVE,SAINT LOUIS,MO,631331325,38.686302299999994,-90.31422311098314,3145127800,0.0,92
aa827c29-2ad0-33bc-9a44-9b40b4ce8002,HANNIBAL REGIONAL HEALTHCARE SYSTEM INC,6000 HOSPITAL DR,HANNIBAL,MO,634016887,39.7082498,-91.3587413,5734061609,0.0,21
cfd8484e-eb6a-3c4e-9386-f72c0c2f1d8a,CENTER FOR BEHAVIORAL MEDICINE,1000 E 24TH STREET,KANSAS CITY,MO,641082776,39.08511685,-94.57232898317989,8165127000,0.0,801
27e72502-aac2-3ea0-9b78-145ae043a8ed,FITZGIBBON MARY MONTGOMERY HOSPICE,2305 SOUTH HIGHWAY 65 - PO BOX 250,MARSHALL,MO,653403734,39.1230777,-93.1968704,6608313293,0.0,4
df11aee3-3b32-38a2-880c-1628c5294f7f,ARNOLD FAMILY MEDICINE LLC,8 ARNOLD MALL,ARNOLD,MO,630102223,38.444006514738895,-90.3732614179497,6362967510,0.0,35
6d8e5004-b8a5-3d50-b9c6-9be9f9586aa6,FOXWOOD SPRINGS LIVING CENTER,1500 WEST FOXWOOD DRIVE,RAYMORE,MO,640839347,38.812542,-94.485465,8163313111,0.0,12
5ee74f83-6bb1-3906-b117-b169b2d20e47,URGENT SPECIALISTS LLC,14169 MANCHESTER RD STE C,MANCHESTER,MO,630114525,38.5925305,-90.5107453,6362201470,0.0,13
7a802330-3cbc-33d2-a8c0-ff7a7ad46044,MERCY HOSPITAL SOUTH,10010 KENNERLY RD,SAINT LOUIS,MO,631282106,38.50613535,-90.38330256066584,3145251000,0.0,967
be0ea9a6-ba70-3dba-8457-2c3162619857,SAINT LUKES HOME CARE,901 EAST 104TH ST  MAILSTOP 3000,SMITHVILLE,MO,64089,39.3868396,-94.5815937,8167561160,0.0,13
03549c3b-274b-30e8-976b-37356bcd939d,SSM HEALTH CARE ST LOUIS,12303 DE PAUL DR,BRIDGETON,MO,630442512,38.7566055,-90.42352,3143446000,0.0,404
8453863e-0eb0-34ae-95c8-3144c40d61b0,IRON COUNTY MEDICAL CLINIC,315 WMULBERRY ST,PILOT KNOB,MO,63663,37.6211611,-90.6404007,5735460602,0.0,182
ec125279-596f-3976-916f-10986dc4b221,SAINT FRANCIS MEDICAL CENTER,100 E OUTER RD,SCOTT CITY,MO,637801229,37.217495,-89.545893,5732642211,0.0,28
607f77bc-bed3-3323-8bd2-2a570dc75535,COX MEDICAL CENTERS,3801 S NATIONAL AVE,SPRINGFIELD,MO,65809,37.144411250000005,-93.2803691826818,4172696000,0.0,142
475a304b-91e2-3b93-9658-950c7e739c1e,RUSTICI WELLNESS CENTER LLC,2307 NW SOUTH OUTER RD STE 101,LEE'S SUMMIT,MO,640822327,38.9107156,-94.3821295,8167454532,0.0,146
7ad1b0a9-b56d-3542-bc10-7eb3ecd70039,MERCY HOSPITAL LINCOLN FAMILY MEDICINE WINFIELD,35 WINFIELD PLAZA,WINFIELD,MO,633893451,38.9972723,-90.738458,6366686824,0.0,66
06d27a5d-442a-3eaa-b234-90e2ba3047fc,SOUTH CITY HOSPITAL,3933 S BROADWAY,SAINT LOUIS,MO,631184601,38.5835789,-90.22868542088727,3148657000,0.0,1
b378e840-c3e0-31b9-9cb8-3a8105b42d84,SSM HEALTH ST JOSEPH HOSPITAL-ST CHARLES,300 1ST CAPITOL DR,WENTZVILLE,MO,633853814,38.8244136,-90.8683119,6369475000,0.0,15
d9c17afb-d186-33af-88ed-7428dd0f6ad0,SPRINGFIELD BEHAVIORAL HOSPITAL LLC,2828 N NATIONAL AVE,SPRINGFIELD,MO,658034306,37.24804942857143,-93.27436285714286,4158754630,0.0,71
b787f4c9-23be-3d11-99e1-64d74509e0c7,NORTHLAND URGENT CARE LLC,5601 NE ANTIOCH RD,GLADSTONE,MO,641192328,39.2214765,-94.5719748,8164524488,0.0,3
19952308-6168-3669-8bb2-2ebb0bd5d533,MERCY HOSPITAL LINCOLN FAMILY MEDICINE TROY,1003 E CHERRY ST,TROY,MO,633791503,38.984023612652166,-90.96510539400954,6365286755,0.0,7
57f62f44-b7c8-3a0b-b227-65203fe61404,CHRISTIAN HOSPITAL NORTHEAST NORTHWEST,11133 DUNN RD,SAINT LOUIS,MO,631366163,38.77583675,-90.24132892999012,3146535000,0.0,187
55071a11-f742-3514-98e1-18b202d9dddb,GRAND RIVER MEDICAL CLINIC,815 EAST BROADWAY,BRUNSWICK,MO,652361468,39.42262501342282,-93.12591253691275,6605483161,0.0,238
f6ab56f9-4a75-372a-b229-317a173940cd,SSM HEALTH BUSINESSES,2 HARBOR BEND CT,WENTZVILLE,MO,633853426,38.8244136,-90.8683119,6366952050,0.0,1
cdb317ab-fae4-3bcc-ab2c-bf1c934e73c0,SERENITY HOSPICECARE,5272 FLAT RIVER RD,PARK HILLS,MO,636011000,37.838553,-90.482165,5734310162,0.0,2
ce200aee-b7d9-3922-b472-6fd415ff9cf8,OZARKS MEDICAL CENTER MOUNTAIN VIEW,220 N ELM STREET,MOUNTAIN VIEW,MO,655488644,36.9980762,-91.7021021,4171111111,0.0,37
0699c464-e7f1-3793-b93a-a2e7e809024f,LIBERTY MEDICAL CENTER PC,1504 NE 96TH ST,LIBERTY,MO,640681348,39.2666097,-94.4573217,8164152233,0.0,105
042f1964-9235-3d5c-afdb-2ef255efa86a,COMMUNITY TREATMENT INC.,200 SENN TOMAS DR,HERCULANEUM,MO,630481033,38.2683879,-90.3801201,6362776096,0.0,49
a7746bad-6dd3-3efe-88bd-436d22f364b8,FLORISSANT HEALTHCARE  LLC,1200 GRAHAM RD,FLORISSANT,MO,630318015,38.7792831,-90.3344767,3148386555,0.0,3
0cbc24e3-b638-30e6-91a3-18cbba63012c,ADVANCE MEDICAL SERVICES  INC.,3306 BROWN RD,SAINT LOUIS,MO,631144328,38.711247967613616,-90.35010788741424,3149930998,0.0,10
b1958fea-6553-3e8e-b32b-d9336982823b,SSM HEALTH REHABILITATION HOSPITAL,1027 BELLEVUE AVENUE,WILDWOOD,MO,630401236,38.5806948,-90.6314374,3147685202,0.0,114
02bbd95c-23ed-375a-bc72-d18c5d708c7b,SCOTLAND COUNTY  HOSPITAL,450 E SIGLER AVENUE,MEMPHIS,MO,635551726,40.4657654,-92.1651311,6604658511,0.0,139
1db1f9f2-336c-3469-852e-ab478d63aba3,PROGRESS WEST HOSPITAL,2 PROGRESS POINT PKWY,WENTZVILLE,MO,633853408,38.8244136,-90.8683119,6363441000,0.0,221
71132c0e-49ee-355e-b3d0-03e5cde4080f,MEDI-PLEX HOSPICE  LLC,1470 SOUTH VANDEVENTER AVENUE,SAINT LOUIS,MO,631102336,38.6234672,-90.25372764716045,3149935580,0.0,4
dd72f936-d2ee-3591-992e-b538f92f9839,SCOTLAND COUNTY MEMORIAL HOSPITAL,55682 STATE HIGHWAY 6 STE A,EDINA,MO,635374268,40.1675386,-92.1726821,6604658513,0.0,68
bd0b362f-9c43-3c13-a3f2-fda593b3062c,SARCOXIE NURSING CENTER  LLC,1505 MINER ST,SARCOXIE,MO,648629211,37.070775049999995,-94.12795036364857,4175483434,0.0,2
e87ade9e-e984-3be8-bc47-d5f1125e3ee4,SSM HEALTH ST MARY'S HOSPITAL - ST LOUIS,6420 CLAYTON RD,SAINT LOUIS,MO,631351246,38.632926499999996,-90.31121343926489,3147688000,0.0,40
2149d013-ef91-3800-ada4-589f34bb386e,BETHESDA DILWORTH,9645 BIG BEND BLVD,SAINT LOUIS,MO,631226521,38.5738803,-90.3811549,3149685460,0.0,8
c9bec909-066a-334e-b1c6-c9c334a83c79,LAKE REGIONAL HEALTH SYSTEM,54 HOSPITAL DRIVE,OSAGE BEACH,MO,650653055,38.1206184,-92.68265643210832,5733488000,0.0,43
609c1ffa-9c95-3218-ac1d-25df489a0e81,CARROLL HOUSE,307 GRAND,CARROLLTON,MO,646332265,39.360656,-93.485612,6605421599,0.0,3
9095b3ab-3fe3-37f6-8363-26cec0a4cc3f,HEALTHBACK HOME HEALTH OF SPRINGFIELD,1304-A EAST WOODHURST DRIVE,SPRINGFIELD,MO,658044281,37.1563281,-93.2747949,4178831648,0.0,5
dabca22b-42db-3993-91fc-bc73afc6558a,NORTH KANSAS CITY HOSPITAL,2800 CLAY EDWARDS DR,NORTH KANSAS CITY,MO,641163220,39.14991225,-94.55144290900245,8166912000,0.0,2
0ea6f0a3-ab28-3e8b-a7da-a82e738b4207,SSM HEALTH BUSINESSES,1187 CORPORATE LAKE DR,WENTZVILLE,MO,633853426,38.8244136,-90.8683119,3149892660,0.0,14
818eb61f-4e49-3dc1-848c-f5f1b4d26335,HANNIBAL CLINIC OPERATIONS  LLC,100 MEDICAL DR,HANNIBAL,MO,634016877,39.708603,-91.4483683,5732215250,0.0,28
4a7edeb9-3a3f-3ec4-83b3-da9f863568fd,SSM HEALTH SAINT JOSEPH HOSPITAL-LAKE SAINT LOUIS,100 MEDICAL PLAZA,WENTZVILLE,MO,633853826,38.8244136,-90.8683119,6366255200,0.0,983
a8865343-339b-3318-a749-25303dec2fbe,LIFE CARE CENTER OF GRANDVIEW,6301 EAST 125TH ST,GRANDVIEW,MO,640301884,38.897872,-94.520793,8167657714,0.0,10
6598441d-47ba-34ad-ab5b-f47f8c13863f,MERCY CLINIC FAMILY MEDICINE- LEBANON,120 HOSPITAL DRIVE  SUITE 100,LEBANON,MO,655369227,37.680617,-92.632822,4178207133,0.0,56
874a895a-d176-3bfd-83fc-2929167cd6ba,CLAYTON MEDICAL CENTER  LLC,6400 CLAYTON RD,SAINT LOUIS,MO,631171850,38.63358615,-90.30945075750952,3146476666,0.0,29
b9879205-ca11-3cbc-91b3-f2ad0db7a6c4,PARKVIEW HEALTH CARE FACILITY,119 WEST FOREST,BOLIVAR,MO,656131316,37.62314940903687,-93.41463367499148,4173263000,0.0,2
e0cb9892-6b15-33f5-88e0-4cf158cdbac2,CENTERPOINT MEDICAL CENTER OF INDEPENDENCE  LLC,19600 E 39TH ST S,INDEPENDENCE,MO,640572301,39.04774719282511,-94.34790587668161,8168368100,0.0,431
7b1728d7-71e4-3b20-a085-a69845c87074,THE COMMUNITY WELLNESS PROJECT,906 OLIVE STREET,SAINT LOUIS,MO,631011431,38.62876155,-90.19392296910775,3144219600,0.0,62
90753a33-1c9a-3f5f-a719-9bad86b69b57,SOUTHAMPTON HEALTHCARE INC,2340 HAMPTON AVE,SAINT LOUIS,MO,631392935,38.614774342494385,-90.28767639630479,3146472200,0.0,25
ed55dff4-d8dc-31f7-837b-87ce43a3e7de,SELECT SPECIALTY HOSPITAL SPRINGFIELD  INC,1630 E PRIMROSE ST,SPRINGFIELD,MO,658047929,37.14637195,-93.26639328264542,4178854700,0.0,18
99b0b184-24ee-32f9-8696-d9517394607f,SSM HEALTH CARE ST LOUIS,6420 CLAYTON RD,SAINT LOUIS,MO,631171811,38.632926499999996,-90.31121343926489,3147688000,0.0,46
2b96b390-7604-3657-87ae-0f945e64b7a3,FAITH HOSPICE & PALLIATIVE CARE LLC,2601 NE KENDALLWOOD PKWY STE 212,GLADSTONE,MO,641192170,39.199652,-94.54845,9132967636,0.0,2
4f0f0766-273b-3e31-ad36-1142a552b6e7,BARRON FAMILY MEDICINE,8515 DELMAR BLVD STE 217,SAINT LOUIS,MO,631242168,38.660903,-90.35604685803015,3146675276,0.0,61
4ce9ed2d-9c5c-3296-9048-2ebe3af2accc,GO HEALTH AND WELLNESS,11102 HERMITAGE HILL RD,SAINT LOUIS,MO,631313323,38.6243059,-90.4207587,9549182820,0.0,11
1690caef-ff6e-39c7-bbe5-51b433059e89,LIBERTY HOSPITAL URGENT CARE  LLC,8300 N CHURCH RD,KANSAS CITY,MO,641581104,39.24210956829934,-94.4617911683816,8164072300,0.0,11
64a70812-ffb6-333c-b7ff-2dcba1336ae7,TMS WELLNESS CENTER LLC,4132 KEATON CROSSING BLVD STE 204,O FALLON,MO,633688223,38.72601,-90.6985472,(314) 497-9657,0.0,156
23ea8bcc-b5b9-3530-974f-bbe947da16f7,KC HOME HEALTH LLC,3611 MAIN ST STE 106,KANSAS CITY,MO,641111932,39.0614039,-94.5853147091861,6145966451,0.0,26
76746578-de6e-3335-8e27-1ddab14aa375,SSM-SLUH INC,1201 S GRAND BLVD,SAINT LOUIS,MO,631102539,38.623991,-90.23754,3145778000,0.0,329
288ca60e-15b5-3920-8ff5-4238fa80cc92,SSM HEALTH DEPAUL HOSPITAL ST LOUIS,12303 DEPAUL DRIVE,SAINT CHARLES,MO,633048786,38.7946252,-90.519829,3143446000,0.0,140
e5a9de39-1329-3cd0-ba52-a6a7e5d4aa30,KANSAS CITY CARE CLINIC,1106 E 30TH ST STE B,KANSAS CITY,MO,641091507,39.072379346938774,-94.57100395918368,8167535144,0.0,59
68ff1d05-ff07-3b05-9469-0365ad454129,MERCY ST FRANCIS HOSPITAL,100 W US HIGHWAY 60,MOUNTAIN VIEW,MO,655488542,36.9953322,-91.703755,4179347000,0.0,2
24a97333-e443-3130-9512-bf938f68d462,COMPASS HEALTH INC,3785 NEW TOWN BLVD,SAINT CHARLES,MO,633014358,38.82601099240412,-90.51830523947993,8884031071,0.0,31
a65ab299-a2f5-3d30-ba16-d97a2cd78e3a,COX-MONETT HOSPITAL INC,1000 E HIGHWAY 60,MONETT,MO,657088258,36.9289518,-93.9277149,4172353144,0.0,89
877c2e3d-bf48-3c91-9427-56ab19c3e2cc,COMMUNITY TREATMENT INC.,21 MUNICIPAL DR,ARNOLD,MO,630101012,38.44484406582632,-90.4024317167354,6362966206,0.0,25
5a07f317-3913-3264-b383-28ffcbbd6015,MERCY HOSPITAL LINCOLN,1000 E CHERRY ST,TROY,MO,633791513,38.98327725,-90.96355318855402,6365288551,0.0,10
6c66426f-fe8a-3358-87e3-407a2e2e5459,KINDRED AT HOME,20101 E JACKSON DRIVE  STE D,INDEPENDENCE,MO,640571956,39.04089479528398,-94.34591963522655,8165245087,0.0,28
bbbf1bfd-ed60-3566-9e8c-10b1a3737710,SOUTH COUNTY NURSING HOME INC,1101 WEST OUTER 21 ROAD,ARNOLD,MO,630104644,38.4226711,-90.3758287,6362965455,0.0,1
6e6b21d0-dab4-3eb7-90f9-55707dcb3918,NHC RELIANT PSYCHIATRIC SERVICES LLC,840 PASSOVER ROAD,OSAGE BEACH,MO,650652834,38.133614073512945,-92.63026159245814,8556903146,0.0,28
9915da3e-35a8-3646-b98e-fef98b9fc286,GLENDALE GARDENS NURSING & REHAB,3535 E CHEROKEE ST,SPRINGFIELD,MO,658092829,37.17599239649122,-93.221995073541,4178899955,0.0,1
c134e399-b7f2-3667-89bf-901a05e73d05,KINDRED HOSPICE,20101 E JACKSON DRIVE,INDEPENDENCE,MO,640571956,39.04089479528398,-94.34591963522655,8167951333,0.0,20
205f3361-6773-3842-87d1-5e4a3b6ab8e5,URGENT CARE OF KANSAS CITY LLC,4741 S ARROWHEAD,INDEPENDENCE,MO,640557021,39.0924792,-94.4137923,8167956000,0.0,17
f9497f62-bad9-30b4-b718-cbf10cb6571b,MERCY HOSPITAL JEFFERSON,1400 US HIGHWAY 61,FESTUS,MO,630284100,38.2207112,-90.3959504,6369331000,0.0,329
4c6fdb14-7c91-37a2-b73d-3ba4aa1a5a7a,THE RANKEN-JORDAN HOME FOR CONVALESCENT CRIPPLED CHILDREN,11365 DORSETT RD,MARYLAND HEIGHTS,MO,630433411,38.710366050000005,-90.41580356387865,3148726400,0.0,665
486afb04-7c6f-3012-b0c9-983e92d187c0,OUR URGENT CARE LLC,1111 W PEARCE BLVD,WENTZVILLE,MO,633851020,38.810810450000005,-90.87059165,2528139104,0.0,56
74a1d743-099d-3592-9726-ff9c49360f62,TRI-COUNTY FAMILY PRACTICE  LLC,5551 WINGHAVEN BLVD STE 142,O FALLON,MO,633683618,38.752448,-90.747929,6366952510,0.0,45
69912958-93df-37e7-894c-dbda7d064fd4,URGENT CARE OF MISSOURI,1721 LA QUESTA DR STE 5,NEOSHO,MO,648509000,36.8665201,-94.3701651,8554926333,0.0,85
10326809-5b48-33f6-a226-960ffe5601e3,EMPOWERME WELLNESS KANSAS CITY LLC,9101 N AMBASSADOR DR,KANSAS CITY,MO,641547295,39.2482451,-94.650332,8445027996,0.0,18
a0c9c9f3-2c39-3a29-9504-8b6355688b1c,SSM HEALTH CARE ST LOUIS,12303 DEPAUL DR.,BRIDGETON,MO,630442512,38.75105235,-90.43376461011133,3142098814,0.0,1
f46e0745-805f-37a4-929f-17d5f0e106f6,PARKSIDE MANOR,1201 HUNT AVENUE,COLUMBIA,MO,652021367,38.966283,-92.360412,5734491448,0.0,2
aeeece1d-971e-3358-9df7-d50c42a2825d,COMPASS HEALTH INC,102 COMPASS POINT DR,SAINT CHARLES,MO,633014414,38.794162,-90.558283875,8884031071,0.0,57
52bacca5-bcce-3514-beb5-7f878a1c111f,BENTON PARK-SOULARD (STARKLOFF) HEALTH CENTER,2220 LEMP,SAINT LOUIS,MO,631042700,38.607583912543575,-90.21460766950523,3147727100,0.0,51
1ab029de-9f82-350b-a80e-06e9517e2f12,CAMERON REGIONAL MEDICAL CENTER INC,110 N CENTRAL AVE,PATTONSBURG,MO,646700072,40.074223,-94.102117,6603674304,0.0,16
831601fe-1250-3c68-aa1a-cfbd29662972,MERCY HOSPITAL LEBANON,100 HOSPITAL DR,LEBANON,MO,655369210,37.68130705,-92.63406483343294,4175336100,0.0,555
d28d809a-02a5-3ba1-ac12-3ef2d715d195,CURATORS OF THE UNIVERSITY OF MISSOURI,1 HOSPITAL DR,COLUMBIA,MO,652015276,38.93869295,-92.328037303,5738824141,0.0,5
2c8c9281-f515-3e41-ac87-c024ee9b3fb8,MERCY HOSPITAL LINCOLN,1000 E CHERRY ST,TROY,MO,633791513,38.98327725,-90.96355318855402,6365288551,0.0,89
25684cd7-7b4e-3b86-90b8-cbbb4cfa0e31,Columbia Vet Center,4040 Rangeline Street  Suite 105,Columbia,MO,65202,38.991932,-92.32376,573-814-6206 Or 573-814-6206,0.0,820
506f7d29-8807-3f90-b0a5-5f440d12ba85,PREFERRED FAMILY HEALTHCARE INC,900 E LAHARPE ST,WINFIELD,MO,633893027,38.9972723,-90.738458,6606651962,0.0,52
9c8c06bd-923c-322a-920a-8b5519436144,MOUNTAIN VIEW HEALTHCARE,1211 NORTH ASH STREET  PO BOX 879,MOUNTAIN VIEW,MO,655480879,37.00694683332835,-91.70059762024866,4179346818,0.0,2
3cb9d985-50bb-37f3-85da-d9f5bb84bbe2,THREE RIVERS HOSPICE INC,631 N SPRING PARK BLVD,MOUNT VERNON,MO,657127408,37.1069987037834,-93.82612728013137,4174610580,0.0,2
55804e91-fa6d-3bac-8687-9f1b5b9bb496,CRESTVIEW HOME,1313 SOUTH 25TH ST  PO BOX 430,BETHANY,MO,644242634,40.25509434133081,-94.02686833310483,6604253128,0.0,1
9b808eaf-60c6-36f7-8cc5-16eb33d2d428,PARKWAY HEALTH CARE CENTER LLC,2323 SWOPE PKWY,KANSAS CITY,MO,641302638,39.03982348979592,-94.55699963265306,8169241122,0.0,2
995262e0-069d-32d9-b61f-f0e03b8f0263,DELMAR GARDENS SOUTH,5300 BUTLER HILL ROAD,SAINT LOUIS,MO,631284152,38.4816068,-90.3893771,3148420588,0.0,1
8a2c8c9c-1efb-38bc-977c-44a15d50affa,ALI INTERNAL MEDICINE ASSOCIATES  PC,2216 E 32ND ST STE 101,JOPLIN,MO,648042633,37.05472394630873,-94.48773355033558,4176248730,0.0,4
0ba90995-56ca-32fa-a34c-bda00319bf9e,LINCOLN COUNTY NURSING & REHAB,1145 EAST CHERRY STREET  PO BOX 130,TROY,MO,633791520,38.984820885714285,-90.95923214285713,6365285712,0.0,2
1d27f9ab-2e41-37ff-876f-c192788862a0,NHC HEALTHCARE  MARYLAND HEIGHTS,2920 FEE FEE ROAD,MARYLAND HEIGHTS,MO,630431915,38.7230009,-90.4181865,3142910121,0.0,2
150ed18d-364a-3192-b76e-16d8d795908a,LINCOLN FAMILY MEDICINE P.C.,302 NORTH HIGHWAY 65,LINCOLN,MO,653380338,39.0605477,-90.959359,6605473915,0.0,72
240b36d7-d7f2-343e-b9fa-873e59336a1d,UNIVERSITY HEALTH LAKEWOOD CARE CENTER,7900 LEE'S SUMMIT ROAD,KANSAS CITY,MO,641391236,38.971045000000004,-94.39507866513061,8164047000,0.0,27
3ae75030-4ee5-38c8-9d29-a22590864893,MERCY HOSPITAL AURORA,500 PORTER AVE,AURORA,MO,656052365,36.9724863,-93.7211623,4176782122,0.0,63
af4aa338-cd89-37a8-80a0-378d7dbaa3da,BERNARD CARE CENTER,4335 WEST PINE BLVD,ST LOUIS,MO,631082296,38.63985517069129,-90.2522765018999,3143710200,0.0,1
88827c43-19fd-3da1-918d-f42e8212733c,COMPASS HEALTH INC,1800 COMMUNITY,CLINTON,MO,647358804,38.39215,-93.769543,6608858131,0.0,17
4a55999e-d13d-349b-aeb9-6ffa67593bf7,CENTERPOINTE HOSPITAL,4801 WELDON SPRING PARKWAY,WELDON SPRING,MO,633049101,38.7150348,-90.67246132375146,6364417300,0.0,636
b1f8bd20-26f6-318c-a04e-c8e258b56566,WALDO WELLNESS GROUP PC,7210 WORNALL RD,KANSAS CITY,MO,641141345,38.99750348979592,-94.59406191836734,8163332533,0.0,36
cee8171a-8f19-3dfc-b6f6-0cd934795797,WILLOW CARE REHABILITATION & HEALTH CARE CENTER,328 MUNGER LANE,HANNIBAL,MO,634012361,39.71898830816298,-91.40042215295996,5732219122,0.0,20
59f83718-3b33-3d5b-8997-d9188b8169f3,SAMUEL U RODGERS HEALTH CENTER CLAY COUNTY,800 HAINES DRIV3E,LIBERTY,MO,640681006,39.246479,-94.419079,8167921575,0.0,32
1549714c-76fc-31f0-9ebd-882a7530ae72,SWOPE HEALTH SERVICES,8800 BLUE RIDGE BLVD,KANSAS CITY,MO,641384061,38.963888,-94.498765,8169235800,0.0,68
d3c84583-5b33-3689-87fe-b6ae38ee9dec,SWOPE HEALTH SERVICES,204 E NORTH AVE,BELTON,MO,641022013,38.81511155,-94.5319057558361,8169325800,0.0,166
95b3b911-78d1-3a48-b950-8a8159970491,MONTEREY PARK REHABILITATION & HEALTH CARE CENTER,4600 LITTLE BLUE PARKWAY,INDEPENDENCE,MO,640578302,39.0924792,-94.4137923,8167957888,0.0,7
bb5df8d7-a290-3d6d-bb6c-b1ba87590bc8,Farmington CBOC,1580 W. Columbia St,Farmington,MO,63640,37.77193,-90.444756,573-760-1365,0.0,2985
0ece17dc-12e9-39dd-bd28-ec33dd107f12,WOODLAND MANOR NURSING CENTER,100 WOODLAND COURT,ARNOLD,MO,630102030,38.4226711,-90.3758287,6362961400,0.0,7
4cd47651-badf-3a08-b41c-f873faf65365,GRACE HILL SOUTH HEALTH CENTER,3930 S BROADWAY,SAINT LOUIS,MO,631184626,38.5830955065225,-90.22745782195324,3145776232,0.0,9
8ab5afe7-537b-3f89-80c2-95b995252dde,MD HEALTH AND WELLNESS LLC,11903 SAINT CHARLES ROCK RD,BRIDGETON,MO,630442623,38.7464317,-90.4184135,3147392900,0.0,40
95e40308-660b-3433-a4ff-07c47406fe67,BIG SPRINGS MEDICAL ASSOCIATION,315 W. MULBERRY,PILOT KNOB,MO,63663,37.6211611,-90.6404007,5735461001,0.0,39
e7b09328-14dc-3fab-8525-7869cd0ed3f2,URGENT CARE LLC,1025 DUNN RD,FLORISSANT,MO,630318205,38.7745687,-90.3194666,3147361333,0.0,12
ee552df7-f09e-3272-8657-b7ffe8372bf7,SCOTT CITY MEDICAL CLINIC,2102 MAIN STREET,SCOTT CITY,MO,637801337,37.215141714285714,-89.53355673469387,5732640087,0.0,1
e2b30d6c-f6d7-3c44-a418-8ff395f6bd7e,BECK WELLNESS CENTER,5422 SOUTHFIELD CTR,SUNRISE BEACH,MO,650796905,38.1758645,-92.7843553,3148432325,0.0,56
fd57f1e5-55da-3720-a730-0e29775b8e0a,PARKLANE CARE AND REHABILITATION CENTER,401 MAR-LE DRIVE,WENTZVILLE,MO,633851647,38.8063905,-90.8579469,6363329580,0.0,29
50c50424-9185-3d9c-a569-f2b32e65f334,CENTERPOINT MEDICAL CENTER,19600 EAST 39TH STREET,INDEPENDENCE,MO,640572358,39.04959169999999,-94.34817711698423,8166987000,0.0,127
252b6be3-09a1-3a5c-9dbf-077dd492a68c,GATEWAY MIDWEST HEALTHCARE LLC,1034 S BRENTWOOD BLVD,UNIVERSITY CITY,MO,631302325,38.6569083,-90.3103443,3148336240,0.0,42
07d0cc81-59d8-3a33-885d-0786593ab781,LHW OP LLC,2201 GLENN HENDREN DR,LIBERTY,MO,640683375,39.270521868421056,-94.43440979824561,8167368800,0.0,1
240e62dc-7370-399f-a23c-e0fba78ac852,PREMIER HEALTHCARE STL LLC,703 HESEMANN RIDGE CT,WILDWOOD,MO,630213602,38.5684423,-90.5827083,6367510362,0.0,33
f367399a-06e3-368d-bdc6-10483273ab5e,UNIVERSITY HEALTH TRUMAN MEDICAL CENTER,2301 HOLMES STREET,KANSAS CITY,MO,641281755,39.0857029,-94.57481611350138,8164041000,0.0,68
c31d2efb-2ab3-3801-86ad-5ba95a8a7661,CENTRAL OZARKS MEDICAL CENTER,3870 COLUMBIA AVENUE,OSAGE BEACH,MO,650658689,38.1259916,-92.6723254,5733027490,0.0,27
acaf48f6-355b-3b4a-9dc2-5b4e07db0b47,KANSAS CITY CARE CLINIC,4601 INDEPENDENCE AVE,KANSAS CITY,MO,641242927,39.105441,-94.527837,8167535144,0.0,30
44f779bb-41cc-3421-a7ae-7ff454fa171d,QUALITY HEALTH CARE  INC,330 N STATE ST,DESLOGE,MO,636013041,37.876979312769976,-90.51203272336885,5734315177,0.0,146
da62489a-43ac-36b7-a59e-03e5cea27171,JEWISH FAMILY SERVICES OF ST LOUIS,10950 SCHUETZ RD,SAINT LOUIS,MO,631465704,38.68434469210069,-90.40583033440203,3149931000,0.0,176
4425d7d7-624d-3b73-a543-b9e1bab875fc,PHELPS COUNTY REGIONAL MEDICAL CENTER,1000 W 10TH ST,ROLLA,MO,654012905,37.95319345,-91.78517977231611,5734588899,0.0,11
2ce91b70-6659-36c1-a04d-c3fb958548a2,COMMUNITY LOVING CARE HOSPICE,9 TIFFANY LYNN COURT,WENTZVILLE,MO,633853257,38.8065649,-90.8929662,6366396280,0.0,1
3d456193-df80-3ea7-8207-dfef6a38f345,ST. LOUIS NH LLC,11278 SCHUETZ RD,SAINT LOUIS,MO,631464957,38.6860289375,-90.421066875,3149914066,0.0,1
e38f3a4c-75e2-36bb-8cf8-0db77f491ca0,LEBANON NORTH NURSING & REHAB,596 MORTON RD,LEBANON,MO,655363648,37.66941567532467,-92.65834472727273,4175329173,0.0,1
bbbb43d0-ac5d-3fd7-b924-7ea0756a7574,PREMIERE HOME HEALTH,22 PORTWEST COURT,SAINT CHARLES,MO,633035985,38.757434758792904,-90.53476542055898,6369160022,0.0,14
1f90df6b-5d8f-3703-aeb5-3e747f1ece25,CHILDREN'S MERCY HOME CARE,700 NW ARGOSY PARKWAY  SUITE 200,RIVERSIDE,MO,641501512,39.16376,-94.617802,8167014300,0.0,4
ec3fd9e2-e2e2-314a-8e15-1472085bf795,TI-CARNEGIE VILLAGE  LLC,105 BERNARD DRIVE,BELTON,MO,640126181,38.81391777752815,-94.52220052994814,8163228444,0.0,2
caaaa1f5-f232-3b2e-b4f1-00fe25d2ddfc,BELTON REGIONAL MEDICAL CENTER,17065 S 71 HIGHWAY,BELTON,MO,640125108,38.8108097,-94.5313502,8163481236,0.0,769
5239e18f-1153-3c35-997f-95ce2c0ebf98,ST PETERS MANOR CARE CENTER,230 SPENCER ROAD,SAINT PETERS,MO,633762425,38.787085149999996,-90.60540913339278,6364412750,0.0,1
2042dfd9-5b8d-3bce-9dae-1c1b3d6d9333,PROMPT MEDICAL CLINIC INC.,1325 S NOLAND RD,INDEPENDENCE,MO,640551338,39.07695153061225,-94.41386144897959,8162526647,0.0,27
8c4dba06-34dc-3132-adee-71d2fc1ba809,JPAM MANAGEMENT & CONSULTING INC,4359 TAFT AVE,SAINT LOUIS,MO,631161533,38.58726366376032,-90.26775872333393,3147522022,0.0,1
697e6415-e86f-3c62-9f36-f4c564cdeebf,FREEMAN NEOSHO HOSPITAL,510 PARK ST,ANDERSON,MO,648319280,36.664112,-94.443171,4178450545,0.0,38
a28749f8-aeda-32a0-880e-23d3c72d48ff,COX MONETT HOSPITAL,1000 E US HIGHWAY 60,MONETT,MO,657081436,36.9289518,-93.9277149,4173541400,0.0,24
97f03be0-abae-32b9-ad8d-92fd603f77e0,PRIME HEALTHCARE SERVICES - BLUE SPRINGS LLC,201 NW R D MIZE RD,BLUE SPRINGS,MO,640142513,39.0246564,-94.2660839,8162285900,0.0,225
43f99d32-55ce-3bcf-97da-b5e34dd000e8,HERITAGE WELLNESS SOLUTIONS LLC,103 S JEFFERSON ST,RAYMORE,MO,640838100,38.80399512244898,-94.45553593877551,8163221990,0.0,54
1a23b33c-7dc6-301e-9dae-885ef518ecae,SSM HEALTH CARE ST LOUIS,300 1ST CAPITOL DR,SAINT CHARLES,MO,633012844,38.7946252,-90.519829,6369475000,0.0,58
75afe8fd-04c7-3192-beb5-be4711fe9919,PARKLAND HEALTH CENTER - BONNE TERRE,7245 RAIDER ROAD,BONNE TERRE,MO,636283767,37.91173235,-90.5329524672214,5733581400,0.0,205
5e9b3f88-4951-3991-98ce-6ed85ce4d75b,RUSK REHABILITATION CENTER LLC,315 BUSINESS LOOP 70 W,COLUMBIA,MO,652033248,38.9676682,-92.3631324,5738172703,0.0,36
487cd03b-6757-31bd-9ffa-ff6c8fdac331,SOUTHSIDE MEDICAL CENTER,1120 SOUTH SPRINGFIELD AVENUE,BOLIVAR,MO,656132512,37.60408889795918,-93.40607689795918,4173286653,0.0,2
6546523c-4ba4-3a8f-8c95-a3cdd0c4d36e,FREEMAN NEOSHO HOSPITAL,113 W HICKORY ST,NEOSHO,MO,648501705,36.866538399999996,-94.36933232179094,4173471234,0.0,35
fbf01c1f-3276-3dae-b769-7a6027fd56dc,COMPASS HEALTH INC,8075 MEXICO RD,SAINT PETERS,MO,633761148,38.787103,-90.6709542,5732345258,0.0,24
735a2c0a-8e1c-3969-841f-ad3d0b5559ec,AFFINIA HEALTHCARE,1430 OLIVE ST,SAINT LOUIS,MO,631032303,38.630175699999995,-90.20125185,3142063700,0.0,56
c645a2c2-f3ce-3fff-93c5-c0e5faf4dd01,MERCY HOSPITAL AURORA,500 PORTER AVE,AURORA,MO,656052365,36.9724863,-93.7211623,4176782122,0.0,11
e1d6a3fc-4599-3a88-b25a-6beec12636f5,SUNTERRA DARDENNE PRAIRIE OC LLC,7275 HIGHWAY N,DARDENNE PRAIRIE,MO,633687128,38.7650972,-90.7284841,2087108066,0.0,1
1f231b95-5bdc-3db0-b58a-111423495206,MERCY CLINIC PEDIATRICS-ROLLA,1605 MARTIN SPRINGS DRIVE  STE 250,ROLLA,MO,654012980,37.940279700000005,-91.79712313168274,5733419163,0.0,20
8ec158f9-2ef5-3cd4-b082-8c8fea3fb031,MEDERI CARETENDERS,1041 PERUQUE CROSSING CT.  SUITE B,O FALLON,MO,633662362,38.8067674,-90.7671489,3149912377,0.0,5
628e59da-9993-3a51-832c-d1a3ea86e62d,SPRINGFIELD REHABILITATION & HEALTH CARE CENTER,2800 SOUTH FORT AVENUE  PO BOX 3438GS,SPRINGFIELD,MO,658073480,37.164105,-93.309099,4178820035,0.0,4
07654c0a-d407-35bb-861a-d339f7914a41,MIDWEST TOTAL URGENT CARE  LLC,8 N FRENCH LN,PERRYVILLE,MO,637751577,37.727064500000004,-89.88355336486487,5737686986,0.0,201
c2e684d4-9f02-3723-b2f3-34f68dbb5814,COMPASSIONATE HEALTH CARE OF ST LOUIS INC,4191 CRESCENT DR,SAINT LOUIS,MO,631291000,38.5068389,-90.3365542,3149391322,0.0,119
292a42ac-be6d-3fd1-a78f-6b1c580e1e2f,BETTY JEAN KERR PEOPLES HEALTH CENTERS,11300 DUNN RD,SAINT LOUIS,MO,631381047,38.774914949999996,-90.2344421195417,3143677848,0.0,32
bbe4e0bb-76ce-3e61-8587-0fdb9d16ffb8,TO YOUR HEALTH MEDICAL CLINIC  INC,2614 FORUM BOULEVARD,COLUMBIA,MO,652035431,38.92350840183671,-92.3652160144852,5734453430,0.0,49
df4b6641-db64-352d-94f5-56ca73447bde,KINDRED HOSPITAL NORTHLAND,500 NW 68TH STREET,KANSAS CITY,MO,641182455,39.219064200000005,-94.58727725195916,8164206300,0.0,136
85dad930-d372-3f00-a57f-0831c959d3ea,MARK TWAIN MANOR,11988 MARK TWAIN LANE,BRIDGETON,MO,630442825,38.7448842,-90.430867,3142918240,0.0,19
d9b1b6d9-a6db-3048-a30f-a7ac6640be81,SCENIC NURSING AND REHABILITATION CENTER  LLC,1333 SCENIC DRIVE,HERCULANEUM,MO,630481550,38.2614599,-90.392252,6369312995,0.0,30
84dac909-0a44-3592-baeb-34d8271fa0c4,LACOBA HOMES INC,850 HIGHWAY 60  PO BOX 885,MONETT,MO,657089376,36.9289518,-93.9277149,4172357895,0.0,45
8ae8b411-ca69-3908-91fa-a37808117c60,HARRISON COUNTY COMMUNITY HOSPITAL,2600 MILLER STREET,BETHANY,MO,644242701,40.264392400000006,-94.02533600604039,6604250284,0.0,143
93d0776a-4ad7-3043-9065-67e4bac79831,CARRIAGE SQUARE REHAB AND HEALTHCARE CENTER,4009 GENE FIELD ROAD,SAINT JOSEPH,MO,645061864,39.792214838383835,-94.79428122222221,8163641526,0.0,25
9f71dd6f-aeba-3060-9d2d-2317aaadb00f,MCDONALD COUNTY LIVING CENTER,1000 PATTERSON STREET,ANDERSON,MO,648317327,36.642648,-94.43653,4178453351,0.0,60
34d72ff8-cfbb-3c96-9791-71aef3cfeb76,ARROWHEAD RETIREMENT OPERATIONS LLC,6100 ARROWHEAD DRIVE,OSAGE BEACH,MO,650652754,38.1189735,-92.6950847,5733027111,0.0,2
22d56b0a-9bd4-30d6-ba47-18a3b05f8664,MT VERNON PLACE CARE CENTER  INC,1425  SOUTH LANDRUM,MOUNT VERNON,MO,657121912,37.1036666,-93.8185401,4174662260,0.0,1
0c4d2055-1017-382f-8733-7560a3483ab8,BELLEVIEW INVESTMENT GROUP LLC,23144 HIGHWAY 32,BELLEVIEW,MO,636236346,37.6875489,-90.7404036,5736975311,0.0,2
d81b80a9-d436-3927-9dae-c9cfd054edff,OZARK REHABILITATION & HEALTH CARE CENTER,1083 OZARK CARE DRIVE  PO BOX 270,OSAGE BEACH,MO,650653016,38.11709327069674,-92.68531015103524,5733481711,0.0,4
d8c693f2-8b25-39b9-b6a6-6c5403f8da07,BEAUTIFUL SAVIOR HOME,1003 SOUTH CEDAR STREET,BELTON,MO,640123703,38.798917646988045,-94.53114058962471,8163310781,0.0,55
6995b050-4834-3019-9f39-2e5fd0e93ede,GGCC LLC,2900 NE KENDALLWOOD PKWY,GLADSTONE,MO,641191831,39.2017851,-94.54561456064036,9133754860,0.0,2
e168fadf-fa14-3063-bdcd-0499f02372b4,WEIKART HEALTHCARE GROUP LLC,1002 PERUQUE CROSSING CT,OFALLON,MO,633662362,38.8023739,-90.7479871,6362945900,0.0,58
fc414030-7b92-3587-a3c1-5f0d32f3adc0,CRYSTAL CREEK HEALTH AND REHABILITATION CENTER,250 NEW FLORISSANT ROAD SOUTH,FLORISSANT,MO,630316716,38.7847881,-90.3247293,3148382211,0.0,9
a5db4f7d-4e37-3d6e-9e5d-bee46280006c,CHERYL G WILLIAMS DO PC,1011 S EAST ST,MOUNT VERNON,MO,657121331,37.09551026532424,-93.81069372316884,4174667191,0.0,33
a27f917b-8762-35ac-9b28-bc1fc1913ba6,BEST MEDICAL CARE LLC,12800 BOENKER LANE,BRIDGETON,MO,630442438,38.7596756,-90.43873427205948,(314) 744-3444,0.0,90
d9ff6d0a-963f-38de-9a1d-995671c90d43,COLUMBIA URGENT CARE  INC,619 N. PROVIDENCE ROAD,COLUMBIA,MO,652034355,38.95850373469388,-92.334225,4047354572,0.0,1
3c36330a-e9b9-3b79-9ab8-76c895f069f2,SHANGRI-LA REHAB & LIVING CENTER,930 NE DUNCAN RD,BLUE SPRINGS,MO,640142173,39.037409146519764,-94.25114427317244,8162296677,0.0,6
5ce7884e-0d47-3f9a-a70c-e3b3a0ae04a9,COMMUNITY TREATMENT INC.,501 WESTWIND DR,FESTUS,MO,630281537,38.224034,-90.414136,6369312700,0.0,47
4160ee16-5e5b-3043-a9b6-a27bbc92abb0,BETTY JEAN KERR PEOPLES HEALTH CENTERS,4055 LINDELL BLVD,SAINT LOUIS,MO,631083201,38.639812275423296,-90.24470129652335,3145357701,0.0,22
60323e1f-bd41-3d1a-987e-502051181191,LEWIS & CLARK GARDENS,1221 BOONES LICK ROAD,SAINT CHARLES,MO,633012328,38.7946252,-90.519829,6369466140,0.0,1
39f28c36-a37a-3adc-af62-c26b7d203ca9,BENTLEYS EXTENDED CARE,3060 ASHBY ROAD,ST LOUIS,MO,631141342,38.711892378086915,-90.38893796438862,3144260433,0.0,18
091c14d2-a819-3557-b1ce-6383265cd5e6,ST LOUIS FORENSIC TREATMENT CENTER,5400 ARSENAL ST,SAINT LOUIS,MO,631391463,38.605999,-90.280051,3146448000,0.0,140
2ee217c3-12fc-3ec5-970a-250d21603578,KATY TRAIL COMMUNITY HEALTH-WARSAW,17571 N DAM ACCESS ROAD,WARSAW,MO,653556396,38.2442186,-93.3774013,6604382717,0.0,34
c15a87de-64c8-3656-9a32-0999f74cd255,OCH LAWRENCE COUNTY CLINIC,108 S HICKORY,MOUNT VERNON,MO,65712,37.1036666,-93.8185401,4174664110,0.0,4
63af20fe-0681-3007-a240-3395b11fa42c,INSTITUTE FOR RESEARCH AND EDUCATION IN FAMILY MEDICINE,9417 S BROADWAY,WEBSTER GROVES,MO,631192418,38.592339,-90.3564329,3148334030,0.0,49
1fb7c41e-ccd6-380b-a120-3b0176fa3f6d,MCDONAGH MEDICAL CENTER INC.,2800 NE KENDALLWOOD PKWY,GLADSTONE,MO,641192097,39.20100015,-94.54654758476369,8164535940,0.0,59
aedd3d87-816e-3e50-b32f-8663f9c38e92,GOLDEN VALLEY MEMORIAL HOSPITAL,1600 N 2ND ST,CLINTON,MO,647351192,38.389504349999996,-93.76850249921787,6608855511,0.0,73
d1666e17-32b5-32b6-832f-bf93c1b877a5,FREEMAN NEOSHO HOSPITAL,113 WEST HICKORY STREET,NEOSHO,MO,648501769,36.866538399999996,-94.36933232179094,4174511234,0.0,6
3ee8345c-18fb-305e-9227-1c440864485e,STONEBRIDGE FLORISSANT,6768 NORTH HIGHWAY 67,FLORISSANT,MO,630342742,38.8026591,-90.3111839,3147419101,0.0,7
bcdc40bb-9169-3093-84dd-18f98f8dd8a8,GREAT MINES HEALTH CENTER,512 STATE ST RM 101,MINERAL POINT,MO,636608208,37.9447722,-90.7242964,5734389355,0.0,93
7ee8d931-a7e9-31b0-87e1-09430067e012,CHRISTIAN HOSPITAL NORTHEAST-NORTHWEST,11133 DUNN ROAD,SAINT PETERS,MO,633763386,38.791612,-90.5958468,3146535000,0.0,18
9c623f61-eead-3f0e-944a-fdef15da07a3,URGENT CARE EXPRESS LLC,4776 VERONA DR,SAINT JOSEPH,MO,645065030,39.7686055,-94.8466322,8163969500,0.0,53
9ed18f7b-62d9-35e5-9a78-2158eadf3ad0,BOULWARE MEDICAL CLINIC L.L.C.,1131 W KANSAS ST,LIBERTY,MO,640682281,39.244599384615384,-94.4404333076923,8167925577,0.0,33
c8fb7639-607c-3388-864a-f07ee7d253e7,METRO URGENT CARE LLC,123 CONCORD PLAZA SHOPPING CTR,SAINT LOUIS,MO,631281307,38.6319657,-90.2428756,3144161927,0.0,4
3c24f526-5ca8-3d98-8504-109b980cdf0b,DELMAR GARDENS NORTH,4401 PARKER ROAD,BLACK JACK,MO,630334266,38.7962773,-90.2732074,3143551516,0.0,6
8b301428-f971-3ca3-8ae9-80e933f17255,GREEN PARK SENIOR LIVING COMMUNITY,9350 GREEN PARK ROAD,SAINT LOUIS,MO,631237211,38.524527496944664,-90.33375947965683,3148450900,0.0,20
d3308e3e-b32f-3d84-a6ed-1c0eb10d6252,TOTAL ACCESS URGENT CARE PC,9556 MANCHESTER RD,WENTZVILLE,MO,633853817,38.8244136,-90.8683119,3149612255,0.0,4
5dc8390c-b8da-32dd-a587-e4b8706574db,MIDWEST DIVISION - RMC  LLC,2323 E 63RD ST,KANSAS CITY,MO,641303462,39.012570777777775,-94.55996891111111,8164448161,0.0,100
33a6fd09-77aa-30c9-9a89-689a5d4a9b07,PROMEDICA HOSPICE,12101 WOODCREST EXECUTIVE DRIVE  SUITE 102,WENTZVILLE,MO,633853537,38.8244136,-90.8683119,3144530990,0.0,1
894857d7-6b20-357a-ac46-1797bb87bac5,TIFFANY SPRINGS REHABILITATION & HEALTH CARE CENTER LLC,9191 N AMBASSADOR DRIVE,KANSAS CITY,MO,64154,39.258194583333335,-94.64953141666666,8164916190,0.0,1
f4c2cf2b-4748-3e8c-b488-3ba20f6df090,TERRACE HOME HEALTH INDEPENDENCE  LLC,4721 S CLIFF AVE STE 211,INDEPENDENCE,MO,640556969,39.03244973737373,-94.36472994949496,8164410000,0.0,10
065cd824-f1ba-3928-92f3-89d787fc8b92,CITIZENS MEMORIAL HOSPITAL DISTRICT,1500 N OAKLAND AVE,BOLIVAR,MO,656133011,37.626443949999995,-93.42008543862639,4173266000,0.0,1
735ba00c-c287-32f9-ba4e-dabbbff85469,NORTH KANSAS CITY HOSPITAL,2800 CLAY EDWARDS DR,NORTH KANSAS CITY,MO,641163237,39.14991225,-94.55144290900245,8166912000,0.0,171
182118f9-023f-3409-889e-4662195ff1f4,COUNTRY MEADOWS,1301 N ST JOE DRIVE,PARK HILLS,MO,636011965,37.8517986,-90.5228976,5734312889,0.0,36
b4190c12-fe96-363c-b550-638289229013,CHICAGO UPTOWN MEDICAL CENTER,10004 KENNERLY RD STE 335A,ST LOUIS,MO,631282194,38.5070752,-90.3793109,7735067340,0.0,44
18cf38ae-3f0c-3313-ab0d-3e44126cb794,NHC HEALTHCARE  DESLOGE,801 BRIM STREET  PO BOX AA,DESLOGE,MO,636013441,37.862540071476005,-90.5284913825361,5734310223,0.0,11
6234ba2c-6495-383e-b182-239bc16f2a99,BAKER COMMUNITY HEALTH CENTER INC,159 N 3RD ST,SAINT CHARLES,MO,633031348,38.8106224,-90.8502473,9042593151,0.0,135
b1561718-e116-3463-9186-d59e248710e0,DUTCHTOWN CARE CENTER,3421 GASCONADE,SAINT LOUIS,MO,631184201,38.582812000000004,-90.24249852678062,3148324700,0.0,10
6d5e1e97-0ebe-326e-96d5-575fab317acc,HOMETOWN URGENT CARE OF DYERSBURG  PLLC,2550 PARR AVE,KENNETT,MO,638573266,36.2381082,-90.0551598,7313255678,0.0,1
1af6b17a-bf0e-3351-a475-b7e358cce85a,RANDY S. BUCKLES  DO  FAMILY HEALTH CARE  LLC,220 SOUTH WOODBINE RD,SAINT JOSEPH,MO,645063447,39.76586324365941,-94.79674752728533,8166761300,0.0,56
0803a642-ad99-30c1-b4a0-e149d53e4f41,WENTZVILLE WELLNESS CENTER D.C.  P.C.,1816 W PEARCE BLVD,WENTZVILLE,MO,633851431,38.8054536,-90.8903709,6363278515,0.0,12
51a3ee18-bb90-34b7-8f1e-0b20b632d61a,MONTICELLO HOUSE,1115 K LAND DRIVE  PO BOX 740,JACKSON,MO,637552588,37.36968269047746,-89.64378707474985,5732438989,0.0,1
cb257d38-9f03-361e-9920-3957c633916d,SWOPE HEALTH SERVICES,3100 NE 83RD ST,KANSAS CITY,MO,641194460,39.242989,-94.543476,8169235800,0.0,55
